{"sizes": [3, 4, 1], "weights": [[[0.9071823406034825, 0.13480139307430636, -0.14388387492153148], [0.5579595989787836, 0.21620352191817716, -0.3479276700567581], [0.8929177366920751, -0.07495549842350621, -0.09932961317691716], [-0.3926025072404596, 0.016858280850258308, 0.7504770588526315]], [[2.386235183330333, 0.6442144910824386, 2.707177948356736, -2.600829730503211]]], "biases": [[[0.3797832635732408], [-1.3174448661346427], [-0.260068577652479], [-0.07168193033088475]], [[-1.1536416176567843]]], "cost": "QuadraticCost"}