{"sizes": [3, 4, 1], "weights": [[[0.8356568144697186, -0.2271883209725948, -0.3027334367767598], [0.48277287842324523, 0.07930446190334087, -0.6344864167220252], [1.0136766809682403, 0.0004528807464170716, -0.5412379496994326], [-1.0228774844008657, -0.10429610860659216, -0.037766715593350174]], [[1.3004375323113837, 3.0164526402021568, 1.433988411153214, -2.3129957514108]]], "biases": [[[-0.47017364040976245], [-0.41336499416019523], [1.3265627977306507], [0.17122999892135046]], [[-1.2646429914636788]]], "cost": "QuadraticCost"}